{"accuracy": [0.07413045316934586, 0.4856959879398346, 0.6449249386787415, 0.7094530463218689, 0.7476491928100586, 0.7725727558135986, 0.7872679233551025, 0.8049647808074951, 0.8110249638557434, 0.8163880705833435], "loss": [3.4262800216674805, 1.687323808670044, 1.1287622451782227, 0.9127549529075623, 0.7857911586761475, 0.7047126293182373, 0.6582523584365845, 0.6031067967414856, 0.5841532945632935, 0.568733811378479], "val_accuracy": [0.3637605309486389, 0.6489869952201843, 0.726098358631134, 0.7346915602684021, 0.7951855063438416, 0.8034942150115967, 0.8213066458702087, 0.828363299369812, 0.8405417799949646, 0.8413385152816772], "val_loss": [2.161038875579834, 1.123231291770935, 0.8844021558761597, 0.8355218768119812, 0.6457844376564026, 0.606062114238739, 0.557684600353241, 0.5290526151657104, 0.49518653750419617, 0.4827284812927246]}